urlPath;vehicleId;name;sets_before;sets_after;roofs_before;roofs_after;claimed_roofs;claim_sentence
/stresne-nosice/ford/tourneo-courier/v769;veh:gn:00becc7f-8589-4395-89d3-2102dd34d51c;V769;8;22;raised-rails;fixpoint+raised-rails;raised-rails;"V ponuke nájdete riešenia určené pre autá, ktoré majú klasické lyžiny."
/stresne-nosice/opel/grandland-x/p1uo;veh:gn:02c01ea1-6027-42a2-b5fc-d2c58f2f550e;P1UO;18;38;flush-rails;flush-rails+naked-roof;flush-rails;"V ponuke máme zostavy určené na integrované lyžiny, ktoré priliehajú k streche vozidla."
/stresne-nosice/volkswagen/taigo/cs;veh:gn:0625220b-1e4e-4c08-8447-5a372b8addb3;CS;8;22;raised-rails;naked-roof+raised-rails;raised-rails;"V ponuke máme riešenia určené pre autá s klasickými lyžinami."
/stresne-nosice/honda/cr-v/rs;veh:gn:0c0ea0ca-9eb3-4620-a71c-5595322ac559;RS;4;18;flush-rails;flush-rails+naked-roof;flush-rails;"V ponuke máme zostavy určené na integrované lyžiny, stačí si zvoliť vyhovujúci profil priečnikov."
/stresne-nosice/toyota/land-cruiser/j15;veh:gn:0d0c8dc3-9a74-47c0-a581-1bb7aacb9f3f;J15;6;27;raised-rails;naked-roof+raised-rails;raised-rails;"Z ponuky si vyberiete priečniky pripravené na klasické lyžiny. // Pre generáciu J15 ponúkame riešenia určené na klasické lyžiny."
/stresne-nosice/kia/niro/sg2;veh:gn:0de4afcd-bd6f-46cb-96ae-673d91fe11de;SG2;9;23;flush-rails;flush-rails+naked-roof;flush-rails;"Z ponuky vyberáte zostavy určené pre autá s integrovanými lyžinami, ktoré priliehajú k streche po celej svojej dĺžke."
/stresne-nosice/bmw/x5/e70;veh:gn:180ad1f5-4d56-4133-b2ad-ca46817c31c8;E70;8;35;raised-rails;flush-rails+raised-rails;raised-rails;"Zostavy sú určené pre vozidlá vybavené klasickými lyžinami."
/stresne-nosice/hyundai/kona/os;veh:gn:1cd0dd7c-1efc-4b0d-9e79-5178d853fbfa;OS;9;23;flush-rails;flush-rails+naked-roof;flush-rails;"Vyberte si zostavu určenú pre strechu s integrovanými lyžinami."
/stresne-nosice/hyundai/santa-fe/dm;veh:gn:20c1441e-7477-4bd2-9690-b527b597c417;DM;9;31;flush-rails;flush-rails+naked-roof;flush-rails;"Všetky zostavy v ponuke sú určené pre vozidlá vybavené integrovanými lyžinami."
/stresne-nosice/subaru/impreza/impreza;veh:gn:24955de0-a3e3-4e58-85c4-1be529922dd7;Impreza;6;13;raised-rails;fixpoint+raised-rails;raised-rails;"V ponuke nájdete riešenia určené pre vozidlá s klasickými lyžinami. // Dostupné zostavy sú určené pre strechu, na ktorej sa nachádzajú klasické lyžiny."
/stresne-nosice/fiat/doblo/263;veh:gn:295f9100-45a7-4c87-8de4-c0af6ae4819b;263;6;13;raised-rails;fixpoint+raised-rails;raised-rails;"V ponuke nájdete zostavy určené pre autá s klasickými lyžinami."
/stresne-nosice/renault/grand-scenic/jz;veh:gn:29c07bff-642e-4beb-b0ee-f23fce6aeb33;JZ;14;26;raised-rails;naked-roof+raised-rails;raised-rails;"Pre túto generáciu máme v ponuke zostavy určené pre klasické lyžiny."
/stresne-nosice/hyundai/i30/pd;veh:gn:336e82b5-9cd7-47e0-b728-a708b01d08ee;PD;12;68;fixpoint;fixpoint+naked-roof;fixpoint;"Všetky zostavy v ponuke sú prispôsobené priamo pre fixačné body pripravené na streche tohto auta."
/stresne-nosice/leapmotor/c10/2024;veh:gn:39c027b7-be5f-466a-9635-1593c443ebd1;2024-;4;18;raised-rails;flush-rails+naked-roof+raised-rails;raised-rails;"Pre toto priestranné SUV máme v ponuke zostavy určené na klasické lyžiny."
/stresne-nosice/ford/kuga/dfk;veh:gn:3a41cd6c-5feb-4b15-a2f0-c7a85dd2713d;DFK;4;32;flush-rails;flush-rails+naked-roof;flush-rails;"Zostavy v ponuke sú pripravené pre autá, ktoré majú na streche integrované lyžiny."
/stresne-nosice/porsche/cayenne/958;veh:gn:3a63a671-b122-410a-88c0-f8f71eaffe0f;958;6;20;raised-rails;naked-roof+raised-rails;raised-rails;"V ponuke nájdete zostavy určené pre autá, ktoré majú klasické lyžiny."
/stresne-nosice/renault/megane-grandtour/kz;veh:gn:40db00b0-deaa-4f7f-8ab0-6603c28bc4ac;KZ;14;29;raised-rails;naked-roof+raised-rails;raised-rails;"V ponuke máme zostavy určené na klasické lyžiny, pod ktorými bez ťažkostí prestrčíte ruku."
/stresne-nosice/ford/ranger/t6;veh:gn:45b3d628-58bc-4289-b28e-5e7783cf9e2e;T6;14;28;raised-rails;naked-roof+raised-rails;raised-rails;"V ponuke nájdete zostavy určené na klasické lyžiny, ktoré spoznáte podľa voľného priestoru medzi strechou a samotnou lyžinou."
/stresne-nosice/ford/mondeo-kombi/mk5;veh:gn:4d105a8b-d63e-49f4-8ea8-e477d3ab1985;MK5;9;29;flush-rails;flush-rails+naked-roof;flush-rails;"Ponuka obsahuje zostavy určené na integrované lyžiny priamo pre túto karosériu."
/stresne-nosice/honda/jazz/gr;veh:gn:50701cd3-f5d7-49e6-8dbd-d25ebcbf49a8;GR;9;23;raised-rails;naked-roof+raised-rails;raised-rails;"Ponuka v tejto kategórii je určená pre autá, ktoré majú na streche klasické lyžiny."
/stresne-nosice/audi/q5-sportback/gu;veh:gn:5400a5e1-d5e8-435b-b953-2001c435c6ea;GU;9;23;flush-rails;flush-rails+naked-roof;flush-rails;"V ponuke nájdete riešenia určené na integrované lyžiny, ktoré priliehajú k streche bez medzery."
/stresne-nosice/bmw/x1/f48;veh:gn:5cbca3c5-e7f8-4901-9546-a6bc5ae5cce0;F48;9;37;flush-rails;flush-rails+naked-roof;flush-rails;"Všetky zostavy v ponuke sú určené pre vozidlá, ktoré majú na streche integrované lyžiny."
/stresne-nosice/subaru/forester/sk;veh:gn:6045dc08-f1b8-4769-a1ca-53669ca2828c;SK;18;46;raised-rails;fixpoint+raised-rails;raised-rails;"V ponuke nájdete zostavy určené na klasické lyžiny, ktoré stačí zladiť s vaším prepravovaným nákladom."
/stresne-nosice/mazda/5/cr;veh:gn:68a8b775-e10d-4bac-a3d5-e57e3f8eae1c;CR;7;35;raised-rails;fixpoint+raised-rails;raised-rails;"Pre túto generáciu vozidla sú v ponuke riešenia určené na klasické lyžiny."
/stresne-nosice/volkswagen/caddy/sb;veh:gn:6ac76f8f-94a7-4dd6-8b58-ec69aad626e5;SB;8;32;raised-rails;fixpoint+raised-rails;raised-rails;"V ponuke pre túto generáciu nájdete zostavy určené priamo na klasické lyžiny."
/stresne-nosice/mercedes-benz/vito/w447;veh:gn:6fd4ef1a-cd62-45bb-9081-19defd5280cb;W447;2;12;raised-rails;fixpoint+raised-rails;raised-rails;"V ponuke nájdete riešenia určené pre vozidlá s klasickými lyžinami. // Pre generáciu W447 máme v ponuke zostavy určené na klasické lyžiny."
/stresne-nosice/kia/soul/sk3;veh:gn:766b083b-7c95-4845-80d0-5b030fab8336;SK3;9;37;flush-rails;flush-rails+naked-roof;flush-rails;"V ponuke pre túto verziu nájdete zostavy určené priamo na integrované lyžiny."
/stresne-nosice/bmw/2-rad-gran-tourer/f46;veh:gn:7684a68b-080d-448f-8db6-b6167df4cfc4;F46;9;19;flush-rails;flush-rails+naked-roof;flush-rails;"V ponuke nájdete zostavy určené pre autá s integrovanými lyžinami. // Zostavy v tejto kategórii sú prispôsobené priamo na integrované lyžiny, ktoré dosadajú na strechu po celej svojej dĺžke."
/stresne-nosice/kia/sportage/nq5;veh:gn:77065758-eb07-4e1a-bc62-0530e346e915;NQ5;9;23;flush-rails;flush-rails+raised-rails;flush-rails;"Ponuka zahŕňa zostavy určené výhradne pre integrované lyžiny, ktoré tesne priliehajú k streche auta."
/stresne-nosice/mini/mini/f56;veh:gn:7b58665a-ccb5-49c9-8da1-36f891056461;F56;8;36;flush-rails;flush-rails+naked-roof;flush-rails;"V tejto kategórii nájdete riešenia určené pre autá vybavené integrovanými lyžinami."
/stresne-nosice/subaru/forester/sh;veh:gn:878a9b6d-8377-4542-ac36-4afdc7864731;SH;7;35;raised-rails;fixpoint+raised-rails;raised-rails;"Všetky zostavy v ponuke počítajú s uchytením na klasické lyžiny, ktoré sú pre túto generáciu typické."
/stresne-nosice/subaru/forester/sj;veh:gn:8a51ce7e-4921-4772-ab23-d736462c30d0;SJ;7;35;raised-rails;fixpoint+raised-rails;raised-rails;"V ponuke máme zostavy určené na klasické lyžiny, ktoré na streche tohto auta stoja s viditeľnou medzerou."
/stresne-nosice/ford/transit-connect/v408;veh:gn:8c8e51da-18b1-4df5-9bee-b61f7b3ec7f1;V408;2;30;flush-rails;fixpoint+flush-rails;flush-rails;"V tejto ponuke vyberáte zostavy určené výhradne na strechu vybavenú integrovanými lyžinami."
/stresne-nosice/bmw/x6/f16;veh:gn:92fa7cb5-3a0d-43bf-8ec9-8f2582e7d8cc;F16;9;23;flush-rails;flush-rails+naked-roof;flush-rails;"Vyberte si zostavu pripravenú na integrované lyžiny tohto modelu."
/stresne-nosice/peugeot/rifter/k9;veh:gn:952e5295-24cb-4d4d-a4f7-3157b995286c;K9;8;44;raised-rails;fixpoint+flush-rails+raised-rails;raised-rails;"V ponuke nájdete zostavy určené na klasické lyžiny, ktoré na streche tohto rodinného auta stoja s voľným priestorom pod sebou."
/stresne-nosice/hyundai/kona/sx2;veh:gn:9eaeeb51-5a10-40ff-a661-2d3035640a07;SX2;5;12;flush-rails;flush-rails+naked-roof;flush-rails;"V ponuke nájdete zostavy určené pre integrované lyžiny, ktoré priliehajú priamo ku karosérii bez medzery pod profilom."
/stresne-nosice/peugeot/bipper/2008;veh:gn:9fd9e8ad-f91e-410e-98a3-0ef4535f6494;2008-;6;16;raised-rails;fixpoint+raised-rails;raised-rails;"Ponuka pokrýva zostavy určené pre autá, ktoré majú klasické lyžiny."
/stresne-nosice/opel/combo-life/e;veh:gn:a606f87f-9264-40ec-80e3-76666e459a6a;E;7;22;raised-rails;fixpoint+flush-rails+raised-rails;raised-rails;"V ponuke nájdete zostavy určené pre autá s klasickými lyžinami, kde stačí zvoliť vhodný typ tyčí pre váš náklad. // Dostupné zostavy sú určené výhradne na klasické lyžiny."
/stresne-nosice/toyota/avensis-kombi/t27;veh:gn:aa302aad-d6d4-47c6-89bf-663669f856c1;T27;7;28;raised-rails;fixpoint+raised-rails;raised-rails;"V ponuke sú riešenia určené na klasické lyžiny, ktoré má toto kombi pripravené na streche."
/stresne-nosice/toyota/land-cruiser/j200;veh:gn:ab15f23a-e0ad-4a80-954e-081b44a3de62;J200;18;38;raised-rails;fixpoint+raised-rails;raised-rails;"V ponuke nájdete zostavy určené na klasické lyžiny, ktoré má toto vozidlo z výroby."
/stresne-nosice/volkswagen/t-cross/c1;veh:gn:ada51ddd-47f0-45e4-b1ba-5361239fc736;C1;18;46;raised-rails;naked-roof+raised-rails;raised-rails;"V ponuke nájdete zostavy určené pre autá s klasickými lyžinami."
/stresne-nosice/volkswagen/caddy-maxi/volkswagen-caddy-maxi;veh:gn:b4ba3a1e-1d7b-4765-9e7b-969ce0daf2fe;Volkswagen Caddy Maxi;8;32;raised-rails;fixpoint+raised-rails;raised-rails;"V ponuke nájdete riešenia určené pre autá, ktoré majú klasické lyžiny."
/stresne-nosice/fiat/fiorino/225;veh:gn:bc7adf37-c6fd-41fb-8255-ecdab5be2cc8;225;6;26;raised-rails;fixpoint+raised-rails;raised-rails;"V ponuke máme zostavy určené pre autá s klasickými lyžinami."
/stresne-nosice/mitsubishi/pajero/v90;veh:gn:c1fecfaf-8879-43bd-97bb-2abfeb0ec025;V90;4;37;raised-rails;naked-roof+raised-rails;raised-rails;"V ponuke nájdete zostavy určené priamo na klasické lyžiny, ktoré stoja nad strechou vozidla."
/stresne-nosice/land-rover/discovery/l319;veh:gn:c7592942-35bb-4680-a6a6-ebd4dc223c11;L319;7;12;raised-rails;raised-rails+t-track;raised-rails;"V ponuke máme zostavy určené na klasické lyžiny, ktoré sa dvíhajú nad povrch strechy a bez problémov pod ne prestrčíte ruku."
/stresne-nosice/subaru/crosstrek/gu;veh:gn:c81a5f2c-133b-42ac-8365-15d5e9b95462;GU;7;21;raised-rails;fixpoint+raised-rails;raised-rails;"V ponuke nájdete zostavy určené na klasické lyžiny tohto kompaktného crossoveru."
/stresne-nosice/volkswagen/caddy-maxi/2k;veh:gn:c9da5373-8e72-4e8f-9e2b-29344f1f65ab;2K;2;14;raised-rails;fixpoint+raised-rails;raised-rails;"V ponuke máme riešenia určené na klasické lyžiny, ktoré na streche tohto úžitkového aj rodinného vozidla stoja s medzerou."
/stresne-nosice/kia/sportage/ql;veh:gn:ccb640ef-39f6-4526-ac0c-341c54804b58;QL;9;23;flush-rails;flush-rails+naked-roof;flush-rails;"V ponuke nájdete zostavy určené na integrované lyžiny, ktoré na streche priliehajú po celej dĺžke bez medzery."
/stresne-nosice/mercedes-benz/vito/w639;veh:gn:d246cded-686f-4c6a-a7d3-e396659a1186;W639;6;32;raised-rails;fixpoint+raised-rails+t-track;raised-rails;"V ponuke nájdete zostavy určené pre vozidlá, ktoré majú na streche klasické lyžiny."
/stresne-nosice/renault/austral/rhn;veh:gn:d3a52ebd-d8a4-4955-a1fa-c68ccdc55f1c;RHN;9;37;flush-rails;flush-rails+naked-roof;flush-rails;"V ponuke nájdete zostavy navrhnuté na integrované lyžiny tohto SUV."
/stresne-nosice/ford/focus-kombi/mk3;veh:gn:d874ec06-5f74-4bae-b9be-013838f6eb52;MK3;9;29;flush-rails;flush-rails+naked-roof;flush-rails;"Ponuka obsahuje zostavy určené na integrované lyžiny, ktoré tvoria súvislý profil priamo na streche vozidla."
/stresne-nosice/renault/kangoo/xfk;veh:gn:db5a44ef-4131-402b-8c17-e837c1dead1b;XFK;4;14;raised-rails;fixpoint+raised-rails;raised-rails;"V ponuke máme zostavy určené na klasické lyžiny."
/stresne-nosice/bmw/2-rad-active-tourer/f45;veh:gn:ec09fcf0-b6f7-468b-89f6-533e5f63692a;F45;9;11;flush-rails;flush-rails+naked-roof;flush-rails+t-track;"V ponuke nájdete zostavy určené na integrované lyžiny, zvoľte si vyhovujúci profil tyčí. // Niektoré zostavy ponúkajú v hornom profile T-drážku na zasunutie adaptérov, iné počítajú s upevnením okolo obvodu tyče."
/stresne-nosice/porsche/macan/95b;veh:gn:f8349bf7-fc26-41bc-95f1-d7ef8dbb9e18;95B;18;60;flush-rails;flush-rails+naked-roof;flush-rails;"Vyberte si zostavu určenú pre integrované lyžiny podľa požadovaného profilu tyčí a spôsobu uchytenia nákladu."
/stresne-nosice/bmw/x1/u11;veh:gn:ff86b6f4-6464-4ac6-9872-afd2c3a7bb5a;U11;9;23;flush-rails;flush-rails+naked-roof;flush-rails;"V ponuke máme zostavy určené pre autá s integrovanými lyžinami, ktoré tvoria pevnú základňu pre prevoz športovej výbavy aj batožiny."
/stresne-nosice/toyota/corolla-kombi/e21;veh:gn:ff8ca329-df02-43e8-8a9b-3a83490f887e;E21;9;29;flush-rails;flush-rails+naked-roof;flush-rails;"V ponuke nájdete zostavy určené priamo na integrované lyžiny tohto rodinného kombi."
